{"name":"4263f08b-6ed9-483d-974c-5bfb3d79c9d4","id":"/providers/Microsoft.Flow/flows/4263f08b-6ed9-483d-974c-5bfb3d79c9d4","type":"Microsoft.Flow/flows","properties":{"apiId":"/providers/Microsoft.PowerApps/apis/shared_logicflows","displayName":"iCSG Login Flow","definition":{"metadata":{"workflowEntityId":null,"processAdvisorMetadata":null,"flowclientsuspensionreason":"None","flowclientsuspensiontime":null,"flowclientsuspensionreasondetails":null,"creator":{"id":"a23655ee-2dbc-46a3-863b-249b29e3e788","type":"User","tenantId":"68282401-d938-43a1-a7a9-bec81ff1bbcd"},"provisioningMethod":"FromDefinition","failureAlertSubscription":true,"clientLastModifiedTime":"2022-11-18T12:13:56.3878359Z"},"$schema":"https://schema.management.azure.com/providers/Microsoft.Logic/schemas/2016-06-01/workflowdefinition.json#","contentVersion":"1.0.0.0","parameters":{"$connections":{"defaultValue":{},"type":"Object"},"$authentication":{"defaultValue":{},"type":"SecureObject"}},"triggers":{"manual":{"metadata":{"operationMetadataId":"85bf2354-867a-4f68-bf70-c11e569d89e8"},"type":"Request","kind":"PowerApp","inputs":{"schema":{"type":"object","properties":{"Username_Value":{"type":"string","description":"Enter initial value","x-ms-powerflows-param-ispartial":false}},"required":["Username_Value"]}}}},"actions":{"Get_items":{"runAfter":{"Initialize_variable_3":["Succeeded"]},"metadata":{"operationMetadataId":"67640fa3-6d19-471b-8a71-0708439a9533"},"type":"OpenApiConnection","inputs":{"host":{"apiId":"/providers/Microsoft.PowerApps/apis/shared_sharepointonline","connectionName":"shared_sharepointonline","operationId":"GetItems"},"parameters":{"dataset":"https://intechprocessautomation.sharepoint.com/PowerApps","table":"d71fd557-24f1-4024-8cd8-6ab12d05e9ae"},"authentication":{"value":"@json(decodeBase64(triggerOutputs().headers['X-MS-APIM-Tokens']))['$ConnectionKey']","type":"Raw"}}},"Username":{"runAfter":{"Get_items":["Succeeded"]},"metadata":{"operationMetadataId":"1ce86016-ddc4-4132-bcd1-3987d95d4a03"},"type":"InitializeVariable","inputs":{"variables":[{"name":"Username","type":"string","value":"@{triggerBody()['Username_Value']}"}]}},"Apply_to_each":{"foreach":"@outputs('Get_items')?['body/value']","actions":{"Condition":{"actions":{"Set_variable":{"runAfter":{},"metadata":{"operationMetadataId":"36237669-b7ad-4403-996b-7f5325b4151a"},"type":"SetVariable","inputs":{"name":"isGAdmin","value":"1"}},"Set_variable_2":{"runAfter":{"Set_variable":["Succeeded"]},"metadata":{"operationMetadataId":"00884376-6e50-4853-ae8d-9d770e67cbc0"},"type":"SetVariable","inputs":{"name":"isAdmin","value":"0"}},"Set_variable_3":{"runAfter":{"Set_variable_2":["Succeeded"]},"metadata":{"operationMetadataId":"2010aa8d-9395-44c0-90fa-ce6e8562471b"},"type":"SetVariable","inputs":{"name":"countery","value":"@items('Apply_to_each')?['Title']"}}},"runAfter":{},"else":{"actions":{"Condition_2":{"actions":{"Set_variable_4":{"runAfter":{},"metadata":{"operationMetadataId":"80a9be3f-adfe-4faf-98af-d488cba8f232"},"type":"SetVariable","inputs":{"name":"isAdmin","value":"1"}},"Set_variable_6":{"runAfter":{"Set_variable_4":["Succeeded"]},"metadata":{"operationMetadataId":"1199f66a-16be-4289-9a4c-1c0cdff2ce95"},"type":"SetVariable","inputs":{"name":"countery","value":"@items('Apply_to_each')?['Title']"}}},"runAfter":{},"expression":{"equals":["@variables('Username')","@items('Apply_to_each')?['Admin']"]},"metadata":{"operationMetadataId":"97fc4dba-70b8-49d6-ac5f-5424015b7ca7"},"type":"If"}}},"expression":{"equals":["@variables('Username')","@items('Apply_to_each')?['GlobalAdmin']"]},"metadata":{"operationMetadataId":"e675d183-a447-453c-9378-9104398172fe"},"type":"If"}},"runAfter":{"Username":["Succeeded"]},"metadata":{"operationMetadataId":"5a927341-6225-4366-8684-1692186674c6"},"type":"Foreach"},"Initialize_variable":{"runAfter":{},"metadata":{"operationMetadataId":"d59efbd7-3b31-458e-b7d0-b2fa859d9da6"},"type":"InitializeVariable","inputs":{"variables":[{"name":"isAdmin","type":"string"}]}},"Initialize_variable_2":{"runAfter":{"Initialize_variable":["Succeeded"]},"metadata":{"operationMetadataId":"4d21156c-0cde-440d-9e20-efeaaedc5292"},"type":"InitializeVariable","inputs":{"variables":[{"name":"isGAdmin","type":"string"}]}},"Initialize_variable_3":{"runAfter":{"Initialize_variable_2":["Succeeded"]},"metadata":{"operationMetadataId":"44a00ec7-7e55-424b-9fcb-b9d14c16717a"},"type":"InitializeVariable","inputs":{"variables":[{"name":"countery","type":"string"}]}},"Respond_to_a_PowerApp_or_flow":{"runAfter":{"Apply_to_each":["Succeeded"]},"metadata":{"operationMetadataId":"51ed71e0-77ed-4592-9446-15ed99f4e698"},"type":"Response","kind":"PowerApp","inputs":{"statusCode":200,"body":{"isgadmin":"@variables('isGAdmin')","isadmin":"@variables('isAdmin')","admincountery":"@variables('countery')"},"schema":{"type":"object","properties":{"isgadmin":{"title":"isGAdmin","x-ms-dynamically-added":true,"type":"string"},"isadmin":{"title":"isAdmin","x-ms-dynamically-added":true,"type":"string"},"admincountery":{"title":"admincountery","x-ms-dynamically-added":true,"type":"string"}}}}}}},"connectionReferences":{"shared_sharepointonline":{"connectionName":"10b31e352cc74f7a92bba3d15692cfbf","source":"Invoker","id":"/providers/Microsoft.PowerApps/apis/shared_sharepointonline","tier":"NotSpecified"}},"flowFailureAlertSubscribed":false,"isManaged":false}}