{"schemaVersion":"1.0","appDefinitionTemplate":{"id":"/providers/Microsoft.PowerApps/apps/","type":"Microsoft.PowerApps/apps","tags":{"primaryDeviceWidth":"640","primaryDeviceHeight":"1136","supportsPortrait":"true","supportsLandscape":"true","primaryFormFactor":"Phone","publisherVersion":"3.22111.19","minimumRequiredApiVersion":"2.2.0","hasComponent":"false","hasUnlockedComponent":"false","isUnifiedRootApp":"false","sienaVersion":"20221118T115436Z-3.22111.19.0"},"properties":{"appVersion":"2022-11-18T11:54:36Z","lifeCycleId":"Published","createdByClientVersion":{"major":3,"minor":22111,"build":19,"revision":0,"majorRevision":0,"minorRevision":0},"minClientVersion":{"major":3,"minor":22111,"build":19,"revision":0,"majorRevision":0,"minorRevision":0},"backgroundColor":"RGBA(0,176,240,1)","backgroundImageUri":"/5749886805807210220/N1af98ea8-6e51-49ba-908b-631609d4d310-logoSmallFile","displayName":"HelpDesk - iCSG","description":"","commitMessage":"","appUris":{"documentUri":{"value":"/5749886805807210220/Nf33b6aed-e92e-4d9d-93e2-06b2bf5fd019-document.msapp"},"imageUris":[],"additionalUris":[]},"createdTime":"0001-01-01T00:00:00Z","lastModifiedTime":"0001-01-01T00:00:00Z","sharedGroupsCount":0,"sharedUsersCount":0,"icons":{"smallIconUri":"/5749886805807210220/N146f97c9-357f-4e5d-95c2-d6b37a90d300-small.png","mediumIconUri":"/5749886805807210220/Nf231b3fb-0dab-425c-963d-96685676f2fb-medium.png","largeIconUri":"/5749886805807210220/N99044c17-ade4-42cc-853f-713f40845a16-large.png","wideIconUri":"/5749886805807210220/Ndd131997-3fea-4c9c-8a4c-a42c96bd1f7f-wide.png"},"connectionReferences":{"69de4fbb-9821-49b7-aaa9-d17c6cab827c":{"id":"d399656d-eb36-4e56-a678-ede2a5d809c1","displayName":"SharePoint","iconUri":"https://connectoricons-prod.azureedge.net/releases/v1.0.1610-greyhound-localization-RelayFix/1.0.1610.3091/sharepointonline/icon.png","dataSources":["GnA Request App Setup","GnA Request App Data"],"dependencies":[],"dependents":["0228f851-c7f7-45d6-a503-be0d6f52185a","d7efdff5-88f9-442a-bdcc-39212094c8c3"],"parameterHints":{},"parameterHintsV2":{},"isOnPremiseConnection":false,"bypassConsent":false,"dataSets":{"https://intechprocessautomation.sharepoint.com/PowerApps":{"dataSources":{"GnA Request App Setup":{"tableName":"d71fd557-24f1-4024-8cd8-6ab12d05e9ae"},"GnA Request App Data":{"tableName":"e7da28f0-9b9b-4b0c-ae8a-da1935b5df7d"}}}},"apiTier":"Standard","isCustomApiConnection":false,"actions":["providers/PowerPlatform.Governance/Operations/Read","providers/PowerPlatform.Governance/Operations/Write"]},"67137d7c-be70-46cf-87b2-33674db0dc40":{"id":"7beed1c3-61cd-4cda-9097-e228be377df4","displayName":"Office 365 Users","iconUri":"https://connectoricons-prod.azureedge.net/releases/v1.0.1593/1.0.1593.2980/office365users/icon.png","dataSources":["Office365Users"],"dependencies":[],"dependents":[],"parameterHints":{},"parameterHintsV2":{},"isOnPremiseConnection":false,"bypassConsent":false,"dataSets":{},"apiTier":"Standard","isCustomApiConnection":false,"actions":["UserProfile","UserProfile_V2"]},"0228f851-c7f7-45d6-a503-be0d6f52185a":{"id":"c82fa08c-898a-4afc-b050-6a876e6aea53","displayName":"Logic flows","iconUri":"https://connectoricons-prod.azureedge.net/releases/v1.0.1534/1.0.1534.2605/logicflows/icon.png","dataSources":["GnARequesrAppFlow"],"dependencies":["69de4fbb-9821-49b7-aaa9-d17c6cab827c"],"dependents":[],"parameterHints":{"workflowName":{"value":"a0678217-ee85-40e8-9cde-f6a3219f1f5c"},"workflowEntityId":{},"69de4fbb-9821-49b7-aaa9-d17c6cab827c":{"value":"shared_sharepointonline"}},"parameterHintsV2":{"workflowName":{"value":"a0678217-ee85-40e8-9cde-f6a3219f1f5c"},"workflowEntityId":{},"shared_sharepointonline":{"value":"69de4fbb-9821-49b7-aaa9-d17c6cab827c"}},"isOnPremiseConnection":false,"bypassConsent":false,"dataSets":{},"apiTier":"Standard","isCustomApiConnection":false,"actions":["Run"],"nestedActions":[{"id":"/providers/Microsoft.PowerApps/apis/shared_sharepointonline/apiOperations/GetItems","apiName":"SharePoint","actionName":"GetItems","referencedResources":[{"key":"site","value":"https://intechprocessautomation.sharepoint.com/PowerApps"},{"key":"list","value":"d71fd557-24f1-4024-8cd8-6ab12d05e9ae"}]},{"id":"/providers/Microsoft.PowerApps/apis/shared_sharepointonline/apiOperations/PatchItem","apiName":"SharePoint","actionName":"PatchItem","referencedResources":[{"key":"site","value":"https://intechprocessautomation.sharepoint.com/PowerApps"},{"key":"list","value":"d71fd557-24f1-4024-8cd8-6ab12d05e9ae"}]}]},"d7efdff5-88f9-442a-bdcc-39212094c8c3":{"id":"c82fa08c-898a-4afc-b050-6a876e6aea53","displayName":"Logic flows","iconUri":"https://connectoricons-prod.azureedge.net/releases/v1.0.1534/1.0.1534.2605/logicflows/icon.png","dataSources":["iCSGLoginFlow"],"dependencies":["69de4fbb-9821-49b7-aaa9-d17c6cab827c"],"dependents":[],"parameterHints":{"workflowName":{"value":"d4a7e2e5-dc6d-4c6c-8832-4938e3a6659d"},"workflowEntityId":{},"69de4fbb-9821-49b7-aaa9-d17c6cab827c":{"value":"shared_sharepointonline"}},"parameterHintsV2":{"workflowName":{"value":"d4a7e2e5-dc6d-4c6c-8832-4938e3a6659d"},"workflowEntityId":{},"shared_sharepointonline":{"value":"69de4fbb-9821-49b7-aaa9-d17c6cab827c"}},"isOnPremiseConnection":false,"bypassConsent":false,"dataSets":{},"apiTier":"Standard","isCustomApiConnection":false,"actions":["Run"],"nestedActions":[{"id":"/providers/Microsoft.PowerApps/apis/shared_sharepointonline/apiOperations/GetItems","apiName":"SharePoint","actionName":"GetItems","referencedResources":[{"key":"site","value":"https://intechprocessautomation.sharepoint.com/PowerApps"},{"key":"list","value":"d71fd557-24f1-4024-8cd8-6ab12d05e9ae"}]}]}},"databaseReferences":{},"almMode":"Environment","performanceOptimizationEnabled":true,"canConsumeAppPass":true,"enableModernRuntimeMode":false,"executionRestrictions":{"isTeamsOnly":false,"dataLossPreventionEvaluationResult":{"status":"Compliant","lastEvaluationDate":"2022-11-18T11:54:56.5276066Z","violations":[],"violationsByPolicy":[],"violationErrorMessage":"The app uses the following connectors: shared_sharepointonline, shared_office365users, shared_logicflows."},"httpActionRestriction":{"appUsesSharepointHttpAction":false,"enforcementStrategy":"Legacy","evaluationTime":"2022-11-18T11:54:56.5275117Z"}}},"appType":"ClassicCanvasApp","appComponents":[]}}