{"name":"6ae23367-53a1-459d-b00f-0575554bed9d","id":"/providers/Microsoft.Flow/flows/6ae23367-53a1-459d-b00f-0575554bed9d","type":"Microsoft.Flow/flows","properties":{"apiId":"/providers/Microsoft.PowerApps/apis/shared_logicflows","displayName":"GnA Requesr App Flow ","definition":{"metadata":{"workflowEntityId":null,"processAdvisorMetadata":null,"flowclientsuspensionreason":"None","flowclientsuspensiontime":null,"flowclientsuspensionreasondetails":null,"creator":{"id":"a23655ee-2dbc-46a3-863b-249b29e3e788","type":"User","tenantId":"68282401-d938-43a1-a7a9-bec81ff1bbcd"},"provisioningMethod":"FromDefinition","failureAlertSubscription":true,"clientLastModifiedTime":"2022-10-06T06:37:20.5118632Z"},"$schema":"https://schema.management.azure.com/providers/Microsoft.Logic/schemas/2016-06-01/workflowdefinition.json#","contentVersion":"1.0.0.0","parameters":{"$connections":{"defaultValue":{},"type":"Object"},"$authentication":{"defaultValue":{},"type":"SecureObject"}},"triggers":{"manual":{"metadata":{"operationMetadataId":"93123a1e-26ec-40e0-b94e-cd200cca1e53"},"type":"Request","kind":"PowerApp","inputs":{"schema":{"type":"object","properties":{"Initializevariable_Value":{"type":"string","description":"Enter initial value","x-ms-powerflows-param-ispartial":false},"CateName_Value":{"type":"string","description":"Enter initial value","x-ms-powerflows-param-ispartial":false},"Admin_Value":{"type":"string","description":"Enter initial value","x-ms-powerflows-param-ispartial":false},"ApprovalRequ_Value":{"type":"boolean","description":"Enter initial value","x-ms-powerflows-param-ispartial":false}},"required":["Initializevariable_Value","CateName_Value","Admin_Value","ApprovalRequ_Value"]}}}},"actions":{"Initialize_variable":{"runAfter":{},"metadata":{"operationMetadataId":"10896909-3e81-4526-9f83-1b690c318694"},"type":"InitializeVariable","inputs":{"variables":[{"name":"CountryName","type":"string","value":"@{triggerBody()['Initializevariable_Value']}"}]}},"CateName":{"runAfter":{"Initialize_variable":["Succeeded"]},"metadata":{"operationMetadataId":"0a3cefdb-4d83-48e9-9534-c90966a26abe"},"type":"InitializeVariable","inputs":{"variables":[{"name":"CateName","type":"string","value":"@{triggerBody()['CateName_Value']}"}]}},"Get_items":{"runAfter":{"ApprovalRequ":["Succeeded"]},"metadata":{"operationMetadataId":"065e22c5-4fb1-4acc-96ba-35200c1f16f9"},"type":"OpenApiConnection","inputs":{"host":{"apiId":"/providers/Microsoft.PowerApps/apis/shared_sharepointonline","connectionName":"shared_sharepointonline","operationId":"GetItems"},"parameters":{"dataset":"https://intechprocessautomation.sharepoint.com/PowerApps","table":"d71fd557-24f1-4024-8cd8-6ab12d05e9ae"},"authentication":{"value":"@json(decodeBase64(triggerOutputs().headers['X-MS-APIM-Tokens']))['$ConnectionKey']","type":"Raw"}}},"Apply_to_each":{"foreach":"@outputs('Get_items')?['body/value']","actions":{"Condition":{"actions":{"Update_item":{"runAfter":{},"metadata":{"operationMetadataId":"dfc8e9cb-17f7-4399-b7c4-b086ee3d46f1"},"type":"OpenApiConnection","inputs":{"host":{"apiId":"/providers/Microsoft.PowerApps/apis/shared_sharepointonline","connectionName":"shared_sharepointonline","operationId":"PatchItem"},"parameters":{"dataset":"https://intechprocessautomation.sharepoint.com/PowerApps","table":"d71fd557-24f1-4024-8cd8-6ab12d05e9ae","id":"@items('Apply_to_each')?['ID']","item/Title":"@items('Apply_to_each')?['Title']","item/Admin":"@variables('Admin')","item/ApprovalRequired":"@variables('ApprovalRequ')"},"authentication":{"value":"@json(decodeBase64(triggerOutputs().headers['X-MS-APIM-Tokens']))['$ConnectionKey']","type":"Raw"}}}},"runAfter":{},"expression":{"and":[{"equals":["@items('Apply_to_each')?['Title']","@variables('CountryName')"]},{"equals":["@items('Apply_to_each')?['Category']","@variables('CateName')"]}]},"metadata":{"operationMetadataId":"5dac905a-1bf5-4180-951e-fdbeb0afd114"},"type":"If"}},"runAfter":{"Get_items":["Succeeded"]},"metadata":{"operationMetadataId":"dca9a0d6-fde5-4aaa-b972-57018316cb7c"},"type":"Foreach"},"Admin":{"runAfter":{"CateName":["Succeeded"]},"metadata":{"operationMetadataId":"0df6abe0-bab1-494e-907d-eab51afab3f7"},"type":"InitializeVariable","inputs":{"variables":[{"name":"Admin","type":"string","value":"@{triggerBody()['Admin_Value']}"}]}},"ApprovalRequ":{"runAfter":{"Admin":["Succeeded"]},"metadata":{"operationMetadataId":"22b288f9-16a7-4d37-b360-9470fa7867c9"},"type":"InitializeVariable","inputs":{"variables":[{"name":"ApprovalRequ","type":"boolean","value":"@triggerBody()['ApprovalRequ_Value']"}]}}}},"connectionReferences":{"shared_sharepointonline":{"connectionName":"10b31e352cc74f7a92bba3d15692cfbf","source":"Invoker","id":"/providers/Microsoft.PowerApps/apis/shared_sharepointonline","tier":"NotSpecified"}},"flowFailureAlertSubscribed":false,"isManaged":false}}